# <Processing>, <CPU>, <Throughput>, <Turn>, <Wait>, <Ans>, <Swaps>, <No. of Process>
492, 482, 0.0101626, 193.400, 97.0000, 97.0000, 0.00813008, 5
492, 482, 0.0101626, 178.200, 81.8000, 81.8000, 0.00813008, 5
492, 482, 0.0101626, 178.200, 81.8000, 81.8000, 0.00813008, 5
492, 482, 0.0101626, 262.200, 165.800, 38.0000, 0.0528455, 5
492, 482, 0.0101626, 199.000, 102.600, 102.600, 0.00813008, 5
492, 482, 0.0101626, 194.400, 98.0000, 78.2000, 0.0101626, 5
