# <Processing>, <CPU>, <Throughput>, <Turn>, <Wait>, <Ans>, <Swaps>, <No. of Process>
21, 19, 0.238095, 9.20000, 5.40000, 5.40000, 0.190476, 5
21, 19, 0.238095, 9.00000, 5.20000, 5.20000, 0.190476, 5
21, 19, 0.238095, 5.00000, 1.20000, 0.400000, 0.238095, 5
21, 19, 0.238095, 9.20000, 5.40000, 5.40000, 0.190476, 5
21, 19, 0.238095, 9.20000, 5.40000, 5.40000, 0.190476, 5
21, 19, 0.238095, 7.80000, 4.00000, 3.80000, 0.238095, 5
